Insert into BANCO (ID_BANCO,NOMBRE_BANCO,ESTADO,ESTADO_REG) values ('1','BANCO DE CREDITO','1','1');
Insert into BANCO (ID_BANCO,NOMBRE_BANCO,ESTADO,ESTADO_REG) values ('2','ALFIN BANCO','1','1');
Insert into BANCO (ID_BANCO,NOMBRE_BANCO,ESTADO,ESTADO_REG) values ('3','BBVA','1','1');
Insert into BANCO (ID_BANCO,NOMBRE_BANCO,ESTADO,ESTADO_REG) values ('4','BANCO BCI','1','1');
Insert into BANCO (ID_BANCO,NOMBRE_BANCO,ESTADO,ESTADO_REG) values ('5','BANCO DEL COMERCIO','1','1');
Insert into BANCO (ID_BANCO,NOMBRE_BANCO,ESTADO,ESTADO_REG) values ('6','BANCO DE LA NACION','1','1');
Insert into BANCO (ID_BANCO,NOMBRE_BANCO,ESTADO,ESTADO_REG) values ('7','BANCO FALABELLA','1','1');
Insert into BANCO (ID_BANCO,NOMBRE_BANCO,ESTADO,ESTADO_REG) values ('8','BANCO GNB','1','1');
Insert into BANCO (ID_BANCO,NOMBRE_BANCO,ESTADO,ESTADO_REG) values ('9','BANBIF','1','1');
Insert into BANCO (ID_BANCO,NOMBRE_BANCO,ESTADO,ESTADO_REG) values ('10','INTERBANK','1','1');
Insert into BANCO (ID_BANCO,NOMBRE_BANCO,ESTADO,ESTADO_REG) values ('11','BANCO PICHINCHA','1','1');
Insert into BANCO (ID_BANCO,NOMBRE_BANCO,ESTADO,ESTADO_REG) values ('12','BANCO RIPLEY','1','1');
Insert into BANCO (ID_BANCO,NOMBRE_BANCO,ESTADO,ESTADO_REG) values ('13','BANCO SANTANDER ','1','1');
Insert into BANCO (ID_BANCO,NOMBRE_BANCO,ESTADO,ESTADO_REG) values ('14','BANK OF CHINA (PERU)','1','1');
Insert into BANCO (ID_BANCO,NOMBRE_BANCO,ESTADO,ESTADO_REG) values ('15','CITIBANK DEL PERU','1','1');
Insert into BANCO (ID_BANCO,NOMBRE_BANCO,ESTADO,ESTADO_REG) values ('16','ICBC PERU BANK S.A.','1','1');
Insert into BANCO (ID_BANCO,NOMBRE_BANCO,ESTADO,ESTADO_REG) values ('17','MIBANCO','1','1');
Insert into BANCO (ID_BANCO,NOMBRE_BANCO,ESTADO,ESTADO_REG) values ('18','SCOTIABANK PERU','1','1');
Insert into BANCO (ID_BANCO,NOMBRE_BANCO,ESTADO,ESTADO_REG) values ('19','COMPARTAMOS FINANCIE','1','1');
Insert into BANCO (ID_BANCO,NOMBRE_BANCO,ESTADO,ESTADO_REG) values ('20','CREDISCOTIA','1','1');
Insert into BANCO (ID_BANCO,NOMBRE_BANCO,ESTADO,ESTADO_REG) values ('21','FINANCIERA CONFIANZA','1','1');
Insert into BANCO (ID_BANCO,NOMBRE_BANCO,ESTADO,ESTADO_REG) values ('22','FINANCIERA CREDINKA','1','1');
Insert into BANCO (ID_BANCO,NOMBRE_BANCO,ESTADO,ESTADO_REG) values ('23','FINANCIERA EFECTIVA','1','1');
Insert into BANCO (ID_BANCO,NOMBRE_BANCO,ESTADO,ESTADO_REG) values ('24','FINANCIERA OH','1','1');
Insert into BANCO (ID_BANCO,NOMBRE_BANCO,ESTADO,ESTADO_REG) values ('25','FINANCIERA PROMESA','1','1');
Insert into BANCO (ID_BANCO,NOMBRE_BANCO,ESTADO,ESTADO_REG) values ('26','FINANCIERA QAPAQ','1','1');
Insert into BANCO (ID_BANCO,NOMBRE_BANCO,ESTADO,ESTADO_REG) values ('27','CMAC CUSCO','1','1');
Insert into BANCO (ID_BANCO,NOMBRE_BANCO,ESTADO,ESTADO_REG) values ('28','CMAC AREQUIPA','1','1');
Insert into BANCO (ID_BANCO,NOMBRE_BANCO,ESTADO,ESTADO_REG) values ('29','CMAC SULLANA','1','1');
Insert into BANCO (ID_BANCO,NOMBRE_BANCO,ESTADO,ESTADO_REG) values ('30','CMAC DEL SANTA','1','1');
Insert into BANCO (ID_BANCO,NOMBRE_BANCO,ESTADO,ESTADO_REG) values ('31','CMAC HUANCAYO','1','1');
Insert into BANCO (ID_BANCO,NOMBRE_BANCO,ESTADO,ESTADO_REG) values ('32','CMAC ICA','1','1');
Insert into BANCO (ID_BANCO,NOMBRE_BANCO,ESTADO,ESTADO_REG) values ('33','CMAC MAYNAS','1','1');
Insert into BANCO (ID_BANCO,NOMBRE_BANCO,ESTADO,ESTADO_REG) values ('34','CMAC PAITA','1','1');
Insert into BANCO (ID_BANCO,NOMBRE_BANCO,ESTADO,ESTADO_REG) values ('35','CMAC PIURA','1','1');
Insert into BANCO (ID_BANCO,NOMBRE_BANCO,ESTADO,ESTADO_REG) values ('36','CMAC TACNA','1','1');
Insert into BANCO (ID_BANCO,NOMBRE_BANCO,ESTADO,ESTADO_REG) values ('37','CMAC TRUJILLO','1','1');
Insert into BANCO (ID_BANCO,NOMBRE_BANCO,ESTADO,ESTADO_REG) values ('38','CMAC LIMA','1','1');
Insert into BANCO (ID_BANCO,NOMBRE_BANCO,ESTADO,ESTADO_REG) values ('39','CRAC CENCOSUD SCOTIA','1','1');
Insert into BANCO (ID_BANCO,NOMBRE_BANCO,ESTADO,ESTADO_REG) values ('40','CRAC LOS ANDES','1','1');
Insert into BANCO (ID_BANCO,NOMBRE_BANCO,ESTADO,ESTADO_REG) values ('41','CRAC DEL CENTRO','1','1');
Insert into BANCO (ID_BANCO,NOMBRE_BANCO,ESTADO,ESTADO_REG) values ('42','CRAC PRYMERA','1','1');
Insert into BANCO (ID_BANCO,NOMBRE_BANCO,ESTADO,ESTADO_REG) values ('43','CRAC INCASUR','1','1');

Insert into DESTINO (NOMBRE,ABREVIATURA,ESTADO,ESTADO_REG) values ('ANCHOA','ANC','1','1');
Insert into DESTINO (NOMBRE,ABREVIATURA,ESTADO,ESTADO_REG) values ('CONSERVA','CONS','1','1');

Insert into FORMA_PAGO (ID_FORMA_PAGO,NOMBRE,ESTADO,ESTADO_REG) values ('1','EFECTIVO','1','1');
Insert into FORMA_PAGO (ID_FORMA_PAGO,NOMBRE,ESTADO,ESTADO_REG) values ('2','DEPOSITO EN CUENTA','1','1');

Insert into MONEDA (ID_MONEDA,NOMBRE,ABREVIATURA) values ('1','SOLES','S/.');
Insert into MONEDA (ID_MONEDA,NOMBRE,ABREVIATURA) values ('2','DOLARES','$');

Insert into TIPO_DOCUMENTO (ID_TIPODOC,NOMBRE,ABREVIATURA,LONGITUD,TIPO,ESTADO,ESTADO_REG) values ('1','LIBRETA ELECTORAL O DNI','L.E / DNI','8','N','1','1');
Insert into TIPO_DOCUMENTO (ID_TIPODOC,NOMBRE,ABREVIATURA,LONGITUD,TIPO,ESTADO,ESTADO_REG) values ('4','CARNET DE EXTRANJERIA','CANET EXT.','12','T','1','1');
Insert into TIPO_DOCUMENTO (ID_TIPODOC,NOMBRE,ABREVIATURA,LONGITUD,TIPO,ESTADO,ESTADO_REG) values ('6','REG. UNICO DE CONTRIBUYENTES','RUC','11','N','1','1');
Insert into TIPO_DOCUMENTO (ID_TIPODOC,NOMBRE,ABREVIATURA,LONGITUD,TIPO,ESTADO,ESTADO_REG) values ('7','PASAPORTE','PASAPORTE','12','T','1','1');
Insert into TIPO_DOCUMENTO (ID_TIPODOC,NOMBRE,ABREVIATURA,LONGITUD,TIPO,ESTADO,ESTADO_REG) values ('11','PART. DE NACIMIENTO-IDENTIDAD','P. NAC.','15','T','1','1');
Insert into TIPO_DOCUMENTO (ID_TIPODOC,NOMBRE,ABREVIATURA,LONGITUD,TIPO,ESTADO,ESTADO_REG) values ('0','OTROS','OTROS','15','T','1','1');

Insert into UNIDAD_MEDIDA (ID_UM,NOMBRE,ABREVIATURA,ESTADO,ESTADO_REG) values ('1','TONELADAS METRICAS','TM','1','1');
Insert into UNIDAD_MEDIDA (ID_UM,NOMBRE,ABREVIATURA,ESTADO,ESTADO_REG) values ('2','UNIDAD','UND','1','1');
Insert into UNIDAD_MEDIDA (ID_UM,NOMBRE,ABREVIATURA,ESTADO,ESTADO_REG) values ('3','GALONES','GL','1','1');
Insert into UNIDAD_MEDIDA (ID_UM,NOMBRE,ABREVIATURA,ESTADO,ESTADO_REG) values ('4','CAJA','CJ','1','1');
Insert into UNIDAD_MEDIDA (ID_UM,NOMBRE,ABREVIATURA,ESTADO,ESTADO_REG) values ('5','CUBETAS','CB','1','1');

Insert into TIPO_SERVICIO (ID_TIPO_SERVICIO,NOMBRE,ID_UM,ESTADO,ESTADO_REG) values ('11','COMISION EMBARCACION','2','1','1');
Insert into TIPO_SERVICIO (ID_TIPO_SERVICIO,NOMBRE,ID_UM,ESTADO,ESTADO_REG) values ('12','COMISION PLANTA','2','1','1');
Insert into TIPO_SERVICIO (ID_TIPO_SERVICIO,NOMBRE,ID_UM,ESTADO,ESTADO_REG) values ('1','PESCA','1','1','1');
Insert into TIPO_SERVICIO (ID_TIPO_SERVICIO,NOMBRE,ID_UM,ESTADO,ESTADO_REG) values ('2','PETROLEO','3','1','1');
Insert into TIPO_SERVICIO (ID_TIPO_SERVICIO,NOMBRE,ID_UM,ESTADO,ESTADO_REG) values ('3','HIELO','2','1','1');
Insert into TIPO_SERVICIO (ID_TIPO_SERVICIO,NOMBRE,ID_UM,ESTADO,ESTADO_REG) values ('4','OTROS DESCUENTOS','2','1','1');
Insert into TIPO_SERVICIO (ID_TIPO_SERVICIO,NOMBRE,ID_UM,ESTADO,ESTADO_REG) values ('5','LIQUIDACION PESCA','2','1','1');
Insert into TIPO_SERVICIO (ID_TIPO_SERVICIO,NOMBRE,ID_UM,ESTADO,ESTADO_REG) values ('6','FLETE','2','1','1');
Insert into TIPO_SERVICIO (ID_TIPO_SERVICIO,NOMBRE,ID_UM,ESTADO,ESTADO_REG) values ('7','DESCARGA MUELLE','2','1','1');
Insert into TIPO_SERVICIO (ID_TIPO_SERVICIO,NOMBRE,ID_UM,ESTADO,ESTADO_REG) values ('8','DESCARGA PLANTA','2','1','1');
Insert into TIPO_SERVICIO (ID_TIPO_SERVICIO,NOMBRE,ID_UM,ESTADO,ESTADO_REG) values ('9','LAVADO CUBETAS','2','1','1');
Insert into TIPO_SERVICIO (ID_TIPO_SERVICIO,NOMBRE,ID_UM,ESTADO,ESTADO_REG) values ('10','SERVICIO ADMINISTRATIVO','2','1','1');

INSERT INTO public.ubigeo(cod_ubigeo, departamento, provincia, distrito, estado_reg)VALUES ('A000000', 'DESCONOCIDO', 'DESCONOCIDO', 'DESCONOCIDO', true);

CREATE TABLE DUAL(
    VALOR INTEGER
)
;

INSERT INTO DUAL(VALOR) values (0);